id;axedelapolitiqueqse;objectifqse;origine
1;de Soap Towels;solution;Versatile
2;methodical;synthesize black;indexing portals Grocery
3;Lepic withdrawal;Fresh Account Handcrafted;optimize b Fresh
4;Computer;c state;Guinea Palladium Progressive
5;Tilsitt;SDD;Licensed Assistant
6;Haute-Normandie;solution Mandatory payment;a Provence-Alpes-CÃ´te
7;Money neural;strategize frictionless sexy;solution-oriented
8;transmitting invoice;brand HDD;Vision-oriented Clothing c
9;Cotton Specialiste Berkshire;Ergonomic Sol cutting-edge;Azerbaijanian fresh-thinking Awesome
10;Generic Basse-Normandie Ergonomic;CSS Health;object-oriented payment
